Steel Type,Heat,Reduction Ratio,dA,dB,dC,Fe,C,Si,Mn,P,S,Ni,Cr,Cu,Mo,Al,N,Ti,O,Normalizing Temp,Normalizing Time,Normalizing Temp*log(time),Quenching Temp,Quenching Time,Quenching Tlog(t),Tempering Temp,Tempering Time,Tempering Tlog(t),Fatigue strength
SUJ2 Steel,A,0,0.01,0,0,97.013,1,0.18,0.36,0.014,0.003,0,1.43,0,0,0,0,0,0,0,0,0,840,0.5,1240.781854,180,1.5,351.7636517,580
,B,0,0.01,0,0,96.857,1.01,0.25,0.37,0.017,0.006,0,1.49,0,0,0,0,0,0,0,0,0,840,0.5,1240.781854,180,1.5,351.7636517,660
,C,0,0.01,0,0,97.103,0.99,0.22,0.25,0.014,0.003,0,1.42,0,0,0,0,0,0,0,0,0,840,0.5,1240.781854,180,1.5,351.7636517,660
S25C Steel 1,A,825,0.07,0.02,0.04,99.011,0.26,0.21,0.44,0.017,0.022,0.01,0.02,0.01,0,0,0,0,0,885,0.5,1307.25231,0,0,0,0,0,0,232
,B,610,0.11,0,0.04,98.824,0.25,0.18,0.44,0.009,0.017,0.08,0.12,0.08,0,0,0,0,0,885,0.5,1307.25231,0,0,0,0,0,0,235
,C,1270,0.07,0.02,0,98.957,0.26,0.27,0.43,0.008,0.015,0.02,0.03,0.01,0,0,0,0,0,885,0.5,1307.25231,0,0,0,0,0,0,235
,D,1740,0.06,0,0,98.918,0.26,0.23,0.51,0.018,0.024,0.01,0.02,0.01,0,0,0,0,0,885,0.5,1307.25231,0,0,0,0,0,0,241
,E,825,0.04,0.02,0,99.072,0.22,0.19,0.42,0.026,0.022,0.01,0.02,0.02,0,0,0,0,0,885,0.5,1307.25231,0,0,0,0,0,0,225
,F,825,0.06,0.02,0.02,98.918,0.26,0.22,0.45,0.026,0.026,0.02,0.05,0.03,0,0,0,0,0,885,0.5,1307.25231,0,0,0,0,0,0,245
,H,1270,0.08,0.01,0,98.851,0.28,0.27,0.5,0.021,0.018,0.02,0.03,0.01,0,0,0,0,0,885,0.5,1307.25231,0,0,0,0,0,0,255
,I,1740,0.07,0,0,98.849,0.27,0.25,0.54,0.02,0.021,0.01,0.02,0.02,0,0,0,0,0,885,0.5,1307.25231,0,0,0,0,0,0,245
,J,610,0.08,0,0.04,98.842,0.27,0.23,0.37,0.008,0.03,0.06,0.1,0.09,0,0,0,0,0,885,0.5,1307.25231,0,0,0,0,0,0,275
,K,1270,0.04,0.03,0,98.956,0.22,0.26,0.47,0.021,0.023,0.02,0.02,0.01,0,0,0,0,0,885,0.5,1307.25231,0,0,0,0,0,0,239
,L,1740,0.11,0,0,98.877,0.23,0.26,0.51,0.029,0.024,0.01,0.03,0.03,0,0,0,0,0,885,0.5,1307.25231,0,0,0,0,0,0,255
S25C Steel 2,D,63,0.06,0,0,98.918,0.26,0.23,0.51,0.018,0.024,0.01,0.02,0.01,0,0,0,0,0,885,0.5,1307.25231,0,0,0,0,0,0,200
,E,65,0.04,0.02,0,99.072,0.22,0.19,0.42,0.026,0.022,0.01,0.02,0.02,0,0,0,0,0,885,0.5,1307.25231,0,0,0,0,0,0,190
,J,60,0.08,0,0.04,98.833,0.27,0.24,0.37,0.009,0.028,0.06,0.1,0.09,0,0,0,0,0,885,0.5,1307.25231,0,0,0,0,0,0,240
S35C Steel 1,A,825,0.05,0.03,0,98.587,0.35,0.21,0.77,0.021,0.022,0.01,0.01,0.02,0,0,0,0,0,865,0.3,1085.810717,865,0.5,1277.709885,600,1,1066.89075,382
,B,1270,0.07,0.02,0,98.449,0.35,0.3,0.74,0.017,0.024,0.01,0.1,0.01,0,0,0,0,0,865,0.3,1085.810717,865,0.5,1277.709885,600,1,1066.89075,385
,C,1740,0.08,0,0,98.593,0.34,0.26,0.74,0.012,0.015,0.01,0.02,0.01,0,0,0,0,0,865,0.3,1085.810717,865,0.5,1277.709885,600,1,1066.89075,365
,D,610,0.07,0,0.03,98.358,0.36,0.26,0.7,0.009,0.023,0.08,0.12,0.09,0,0,0,0,0,865,0.3,1085.810717,865,0.5,1277.709885,600,1,1066.89075,376
,E,825,0.08,0,0,98.6,0.33,0.21,0.75,0.031,0.019,0.01,0.03,0.02,0,0,0,0,0,865,0.3,1085.810717,865,0.5,1277.709885,600,1,1066.89075,377
,F,610,0.06,0.01,0.01,98.33,0.38,0.29,0.7,0.01,0.03,0.06,0.09,0.11,0,0,0,0,0,865,0.3,1085.810717,865,0.5,1277.709885,600,1,1066.89075,394
,G,1270,0.08,0.02,0,98.474,0.33,0.26,0.76,0.023,0.013,0.01,0.1,0.03,0,0,0,0,0,865,0.3,1085.810717,865,0.5,1277.709885,600,1,1066.89075,425
,H,1740,0.06,0,0,98.586,0.32,0.26,0.73,0.015,0.019,0.02,0.02,0.03,0,0,0,0,0,865,0.3,1085.810717,865,0.5,1277.709885,600,1,1066.89075,395
,I,1270,0.13,0.01,0,98.404,0.37,0.27,0.78,0.016,0.02,0.01,0.11,0.02,0,0,0,0,0,865,0.3,1085.810717,865,0.5,1277.709885,600,1,1066.89075,393
,J,825,0.07,0.04,0,98.491,0.35,0.25,0.82,0.016,0.023,0.03,0.01,0.01,0,0,0,0,0,865,0.3,1085.810717,865,0.5,1277.709885,600,1,1066.89075,375
,K,1740,0.1,0,0,27.295,0.37,0.24,72,0.015,0.02,0.02,0.02,0.02,0,0,0,0,0,865,0.3,1085.810717,865,0.5,1277.709885,600,1,1066.89075,389
,L,610,0.06,0.05,0.03,98.576,0.32,0.21,0.63,0.007,0.017,0.06,0.1,0.08,0,0,0,0,0,865,0.3,1085.810717,865,0.5,1277.709885,600,1,1066.89075,358
S35C Steel 2,A,825,0.05,0.03,0,98.587,0.35,0.21,0.77,0.021,0.022,0.01,0.01,0.02,0,0,0,0,0,865,0.3,1085.810717,865,0.5,1277.709885,550,1,977.9831877,397
,B,1270,0.07,0.02,0,98.449,0.35,0.3,0.74,0.017,0.024,0.01,0.1,0.01,0,0,0,0,0,865,0.3,1085.810717,865,0.5,1277.709885,550,1,977.9831877,419
,C,1740,0.08,0,0,98.593,0.34,0.26,0.74,0.012,0.015,0.01,0.02,0.01,0,0,0,0,0,865,0.3,1085.810717,865,0.5,1277.709885,550,1,977.9831877,401
,D,610,0.07,0,0.03,98.358,0.36,0.26,0.7,0.009,0.023,0.08,0.12,0.09,0,0,0,0,0,865,0.3,1085.810717,865,0.5,1277.709885,550,1,977.9831877,394
,E,825,0.08,0,0,98.6,0.33,0.21,0.75,0.031,0.019,0.01,0.03,0.02,0,0,0,0,0,865,0.3,1085.810717,865,0.5,1277.709885,550,1,977.9831877,426
,F,610,0.06,0.01,0.01,98.33,0.38,0.29,0.7,0.01,0.03,0.06,0.09,0.11,0,0,0,0,0,865,0.3,1085.810717,865,0.5,1277.709885,550,1,977.9831877,426
,G,1270,0.08,0.02,0,98.474,0.33,0.26,0.76,0.023,0.013,0.01,0.1,0.03,0,0,0,0,0,865,0.3,1085.810717,865,0.5,1277.709885,550,1,977.9831877,454
,H,1740,0.06,0,0,98.586,0.32,0.26,0.73,0.015,0.019,0.02,0.02,0.03,0,0,0,0,0,865,0.3,1085.810717,865,0.5,1277.709885,550,1,977.9831877,418
,I,1270,0.13,0.01,0,98.404,0.37,0.27,0.78,0.016,0.02,0.01,0.11,0.02,0,0,0,0,0,865,0.3,1085.810717,865,0.5,1277.709885,550,1,977.9831877,416
,J,825,0.07,0.04,0,98.491,0.35,0.25,0.82,0.016,0.023,0.03,0.01,0.01,0,0,0,0,0,865,0.3,1085.810717,865,0.5,1277.709885,550,1,977.9831877,395
,K,1740,0.1,0,0,27.295,0.37,0.24,72,0.015,0.02,0.02,0.02,0.02,0,0,0,0,0,865,0.3,1085.810717,865,0.5,1277.709885,550,1,977.9831877,433
,L,610,0.06,0.05,0.03,98.576,0.32,0.21,0.63,0.007,0.017,0.06,0.1,0.08,0,0,0,0,0,865,0.3,1085.810717,865,0.5,1277.709885,550,1,977.9831877,379
S35C Steel 3,A,825,0.05,0.03,0,98.587,0.35,0.21,0.77,0.021,0.022,0.01,0.01,0.02,0,0,0,0,0,865,0.3,1085.810717,865,0.5,1277.709885,650,1,1155.798313,344
,B,1270,0.07,0.02,0,98.449,0.35,0.3,0.74,0.017,0.024,0.01,0.1,0.01,0,0,0,0,0,865,0.3,1085.810717,865,0.5,1277.709885,650,1,1155.798313,369
,C,1740,0.08,0,0,98.593,0.34,0.26,0.74,0.012,0.015,0.01,0.02,0.01,0,0,0,0,0,865,0.3,1085.810717,865,0.5,1277.709885,650,1,1155.798313,325
,D,610,0.07,0,0.03,98.358,0.36,0.26,0.7,0.009,0.023,0.08,0.12,0.09,0,0,0,0,0,865,0.3,1085.810717,865,0.5,1277.709885,650,1,1155.798313,338
,E,825,0.08,0,0,98.6,0.33,0.21,0.75,0.031,0.019,0.01,0.03,0.02,0,0,0,0,0,865,0.3,1085.810717,865,0.5,1277.709885,650,1,1155.798313,362
,F,610,0.06,0.01,0.01,98.33,0.38,0.29,0.7,0.01,0.03,0.06,0.09,0.11,0,0,0,0,0,865,0.3,1085.810717,865,0.5,1277.709885,650,1,1155.798313,361
,G,1270,0.08,0.02,0,98.474,0.33,0.26,0.76,0.023,0.013,0.01,0.1,0.03,0,0,0,0,0,865,0.3,1085.810717,865,0.5,1277.709885,650,1,1155.798313,385
,H,1740,0.06,0,0,98.586,0.32,0.26,0.73,0.015,0.019,0.02,0.02,0.03,0,0,0,0,0,865,0.3,1085.810717,865,0.5,1277.709885,650,1,1155.798313,348
,I,1270,0.13,0.01,0,98.404,0.37,0.27,0.78,0.016,0.02,0.01,0.11,0.02,0,0,0,0,0,865,0.3,1085.810717,865,0.5,1277.709885,650,1,1155.798313,368
,J,825,0.07,0.04,0,98.491,0.35,0.25,0.82,0.016,0.023,0.03,0.01,0.01,0,0,0,0,0,865,0.3,1085.810717,865,0.5,1277.709885,650,1,1155.798313,341
,K,1740,0.1,0,0,27.295,0.37,0.24,72,0.015,0.02,0.02,0.02,0.02,0,0,0,0,0,865,0.3,1085.810717,865,0.5,1277.709885,650,1,1155.798313,365
,L,610,0.06,0.05,0.03,98.576,0.32,0.21,0.63,0.007,0.017,0.06,0.1,0.08,0,0,0,0,0,865,0.3,1085.810717,865,0.5,1277.709885,650,1,1155.798313,325
S35C Steel 4,C,1740,0.08,0,0,98.593,0.34,0.26,0.74,0.012,0.015,0.01,0.02,0.01,0,0,0,0,0,865,0.5,1277.709885,865,0.5,1277.709885,600,1,1066.89075,315
,G,1270,0.08,0.02,0,98.474,0.33,0.26,0.76,0.023,0.013,0.01,0.1,0.03,0,0,0,0,0,865,0.5,1277.709885,865,0.5,1277.709885,600,1,1066.89075,395
,K,1740,0.1,0,0,98.585,0.37,0.24,0.72,0.015,0.02,0.02,0.02,0.01,0,0,0,0,0,865,0.5,1277.709885,865,0.5,1277.709885,600,1,1066.89075,348
S40C Steel 1,A,382,0.04,0,0,98.555,0.37,0.19,0.7,0.018,0.017,0.02,0.12,0.01,0,0,0,0,0,855,0.5,1262.938673,855,0.5,1262.938673,550,1,977.9831877,505
,B,624,0.04,0,0,98.541,0.41,0.21,0.74,0.013,0.016,0.01,0.05,0.01,0,0,0,0,0,855,0.5,1262.938673,855,0.5,1262.938673,550,1,977.9831877,465
S40C Steel 2,A,382,0.04,0,0,98.555,0.37,0.19,0.7,0.018,0.017,0.02,0.12,0.01,0,0,0,0,0,0,0,0,1040,0.00002777777778,-2889.2773,180,1,320.0672251,513
,B,624,0.04,0,0,98.541,0.41,0.21,0.74,0.013,0.016,0.01,0.05,0.01,0,0,0,0,0,0,0,0,1040,0.00002777777778,-2889.2773,180,1,320.0672251,429
S40C Steel 3,A,382,0.04,0,0,98.555,0.37,0.19,0.7,0.018,0.017,0.02,0.12,0.01,0,0,0,0,0,0,0,0,1040,0.0008333333333,-1353.071195,180,1,320.0672251,550
,B,624,0.04,0,0,98.541,0.41,0.21,0.74,0.013,0.016,0.01,0.05,0.01,0,0,0,0,0,0,0,0,1040,0.0008333333333,-1353.071195,180,1,320.0672251,600
S45C Steel 1,A,1740,0.07,0,0,98.306,0.45,0.25,0.79,0.018,0.016,0.02,0.13,0.02,0,0,0,0,0,845,0.5,1248.16746,845,0.5,1248.16746,550,1,977.9831877,513
,B,1270,0.12,0.01,0,98.704,0.45,0.2,0.46,0.027,0.019,0.01,0.11,0.02,0,0,0,0,0,845,0.5,1248.16746,845,0.5,1248.16746,550,1,977.9831877,448
,C,610,0.06,0,0.01,98.271,0.45,0.24,0.71,0.01,0.009,0.12,0.06,0.13,0,0,0,0,0,845,0.5,1248.16746,845,0.5,1248.16746,550,1,977.9831877,465
,D,825,0.1,0.03,0.01,98.388,0.44,0.24,0.82,0.021,0.021,0.03,0.02,0.02,0,0,0,0,0,845,0.5,1248.16746,845,0.5,1248.16746,550,1,977.9831877,446
,E,825,0.11,0.04,0,98.478,0.42,0.22,0.78,0.022,0.02,0.01,0.02,0.03,0,0,0,0,0,845,0.5,1248.16746,845,0.5,1248.16746,550,1,977.9831877,437
,F,1740,0.08,0,0,98.344,0.48,0.25,0.75,0.024,0.022,0.02,0.1,0.01,0,0,0,0,0,845,0.5,1248.16746,845,0.5,1248.16746,550,1,977.9831877,502
,H,610,0.04,0,0.03,98.325,0.47,0.25,0.72,0.015,0.01,0.13,0.04,0.04,0,0,0,0,0,845,0.5,1248.16746,845,0.5,1248.16746,550,1,977.9831877,465
,I,1740,0.06,0,0,98.347,0.43,0.22,0.83,0.017,0.016,0.01,0.12,0.01,0,0,0,0,0,845,0.5,1248.16746,845,0.5,1248.16746,550,1,977.9831877,475
,J,1270,0.13,0.01,0,98.28,0.49,0.26,0.8,0.027,0.023,0.02,0.09,0.01,0,0,0,0,0,845,0.5,1248.16746,845,0.5,1248.16746,550,1,977.9831877,504
,K,610,0.09,0,0.04,98.164,0.45,0.25,0.79,0.011,0.025,0.12,0.04,0.15,0,0,0,0,0,845,0.5,1248.16746,845,0.5,1248.16746,550,1,977.9831877,486
,L,1270,0.04,0.01,0,98.466,0.42,0.26,0.7,0.024,0.01,0.01,0.1,0.01,0,0,0,0,0,845,0.5,1248.16746,845,0.5,1248.16746,550,1,977.9831877,452
S45C Steel 2,A,1740,0.07,0,0,98.306,0.45,0.25,0.79,0.018,0.016,0.02,0.13,0.02,0,0,0,0,0,845,0.5,1248.16746,845,0.5,1248.16746,600,1,1066.89075,459
,B,1270,0.12,0.01,0,98.704,0.45,0.2,0.46,0.027,0.019,0.01,0.11,0.02,0,0,0,0,0,845,0.5,1248.16746,845,0.5,1248.16746,600,1,1066.89075,415
,C,610,0.06,0,0.01,98.271,0.45,0.24,0.71,0.01,0.009,0.12,0.06,0.13,0,0,0,0,0,845,0.5,1248.16746,845,0.5,1248.16746,600,1,1066.89075,437
,D,825,0.1,0.03,0.01,98.388,0.44,0.24,0.82,0.021,0.021,0.03,0.02,0.02,0,0,0,0,0,845,0.5,1248.16746,845,0.5,1248.16746,600,1,1066.89075,415
,E,825,0.11,0.04,0,98.478,0.42,0.22,0.78,0.022,0.02,0.01,0.02,0.03,0,0,0,0,0,845,0.5,1248.16746,845,0.5,1248.16746,600,1,1066.89075,401
,F,1740,0.08,0,0,98.344,0.48,0.25,0.75,0.024,0.022,0.02,0.1,0.01,0,0,0,0,0,845,0.5,1248.16746,845,0.5,1248.16746,600,1,1066.89075,463
,H,610,0.04,0,0.03,98.325,0.47,0.25,0.72,0.015,0.01,0.13,0.04,0.04,0,0,0,0,0,845,0.5,1248.16746,845,0.5,1248.16746,600,1,1066.89075,442
,I,1740,0.06,0,0,98.347,0.43,0.22,0.83,0.017,0.016,0.01,0.12,0.01,0,0,0,0,0,845,0.5,1248.16746,845,0.5,1248.16746,600,1,1066.89075,438
,J,1270,0.13,0.01,0,98.28,0.49,0.26,0.8,0.027,0.023,0.02,0.09,0.01,0,0,0,0,0,845,0.5,1248.16746,845,0.5,1248.16746,600,1,1066.89075,468
,K,610,0.09,0,0.04,98.164,0.45,0.25,0.79,0.011,0.025,0.12,0.04,0.15,0,0,0,0,0,845,0.5,1248.16746,845,0.5,1248.16746,600,1,1066.89075,452
,L,1270,0.04,0.01,0,98.466,0.42,0.26,0.7,0.024,0.01,0.01,0.1,0.01,0,0,0,0,0,845,0.5,1248.16746,845,0.5,1248.16746,600,1,1066.89075,422
S45C Steel 3,A,1740,0.07,0,0,98.306,0.45,0.25,0.79,0.018,0.016,0.02,0.13,0.02,0,0,0,0,0,845,0.5,1248.16746,845,0.5,1248.16746,650,1,1155.798313,413
,B,1270,0.12,0.01,0,98.704,0.45,0.2,0.46,0.027,0.019,0.01,0.11,0.02,0,0,0,0,0,845,0.5,1248.16746,845,0.5,1248.16746,650,1,1155.798313,395
,C,610,0.06,0,0.01,98.271,0.45,0.24,0.71,0.01,0.009,0.12,0.06,0.13,0,0,0,0,0,845,0.5,1248.16746,845,0.5,1248.16746,650,1,1155.798313,398
,D,825,0.1,0.03,0.01,98.388,0.44,0.24,0.82,0.021,0.021,0.03,0.02,0.02,0,0,0,0,0,845,0.5,1248.16746,845,0.5,1248.16746,650,1,1155.798313,378
,E,825,0.11,0.04,0,98.478,0.42,0.22,0.78,0.022,0.02,0.01,0.02,0.03,0,0,0,0,0,845,0.5,1248.16746,845,0.5,1248.16746,650,1,1155.798313,372
,F,1740,0.08,0,0,98.344,0.48,0.25,0.75,0.024,0.022,0.02,0.1,0.01,0,0,0,0,0,845,0.5,1248.16746,845,0.5,1248.16746,650,1,1155.798313,415
,H,610,0.04,0,0.03,98.325,0.47,0.25,0.72,0.015,0.01,0.13,0.04,0.04,0,0,0,0,0,845,0.5,1248.16746,845,0.5,1248.16746,650,1,1155.798313,396
,I,1740,0.06,0,0,98.347,0.43,0.22,0.83,0.017,0.016,0.01,0.12,0.01,0,0,0,0,0,845,0.5,1248.16746,845,0.5,1248.16746,650,1,1155.798313,388
,J,1270,0.13,0.01,0,98.28,0.49,0.26,0.8,0.027,0.023,0.02,0.09,0.01,0,0,0,0,0,845,0.5,1248.16746,845,0.5,1248.16746,650,1,1155.798313,415
,K,610,0.09,0,0.04,98.164,0.45,0.25,0.79,0.011,0.025,0.12,0.04,0.15,0,0,0,0,0,845,0.5,1248.16746,845,0.5,1248.16746,650,1,1155.798313,398
,L,1270,0.04,0.01,0,98.466,0.42,0.26,0.7,0.024,0.01,0.01,0.1,0.01,0,0,0,0,0,845,0.5,1248.16746,845,0.5,1248.16746,650,1,1155.798313,382
S45C Steel 4,I,1740,0.06,0,0,98.347,0.43,0.22,0.83,0.017,0.016,0.01,0.12,0.01,0,0,0,0,0,845,0.5,1248.16746,845,0.5,1248.16746,550,1,977.9831877,440
S45C Steel 5,B,1270,0.12,0.01,0,98.344,0.45,0.26,0.76,0.027,0.019,0.01,0.11,0.02,0,0,0,0,0,845,0.5,1248.16746,845,0.5,1248.16746,600,1,1066.89075,380
,F,1740,0.08,0,0,98.344,0.48,0.25,0.75,0.024,0.022,0.02,0.1,0.01,0,0,0,0,0,845,0.5,1248.16746,845,0.5,1248.16746,600,1,1066.89075,435
,I,1740,0.06,0,0,98.347,0.43,0.22,0.83,0.017,0.016,0.01,0.12,0.01,0,0,0,0,0,845,0.5,1248.16746,845,0.5,1248.16746,600,1,1066.89075,413
S45C Steel 6,I,1740,0.06,0,0,98.347,0.43,0.22,0.83,0.017,0.016,0.01,0.12,0.01,0,0,0,0,0,845,0.5,1248.16746,845,0.5,1248.16746,650,1,1155.798313,363
S45C Steel 7,B,1270,0.12,0.01,0,98.344,0.45,0.26,0.76,0.027,0.019,0.01,0.11,0.02,0,0,0,0,0,845,0.5,1248.16746,0,0,0,0,0,0,253
,F,1740,0.08,0,0,98.344,0.48,0.25,0.75,0.024,0.022,0.02,0.1,0.01,0,0,0,0,0,845,0.5,1248.16746,0,0,0,0,0,0,263
,I,1740,0.06,0,0,98.347,0.43,0.22,0.83,0.017,0.016,0.01,0.12,0.01,0,0,0,0,0,845,0.5,1248.16746,0,0,0,0,0,0,263
S55C Steel 1,A,1740,0.07,0,0,98.32,0.55,0.23,0.76,0.018,0.012,0.01,0.09,0.01,0,0,0,0,0,825,0.5,1218.625035,825,0.5,1218.625035,550,1,977.9831877,523
,B,1270,0.08,0.01,0,98.247,0.54,0.26,0.76,0.022,0.021,0.02,0.12,0.01,0,0,0,0,0,825,0.5,1218.625035,825,0.5,1218.625035,550,1,977.9831877,534
,C,825,0.12,0.02,0,98.219,0.52,0.29,0.83,0.016,0.025,0.04,0.04,0.02,0,0,0,0,0,825,0.5,1218.625035,825,0.5,1218.625035,550,1,977.9831877,489
,D,660,0.06,0,0,98.185,0.56,0.26,0.67,0.019,0.026,0.04,0.13,0.11,0,0,0,0,0,825,0.5,1218.625035,825,0.5,1218.625035,550,1,977.9831877,500
,E,825,0.1,0,0,98.448,0.54,0.2,0.75,0.013,0.019,0.01,0.01,0.01,0,0,0,0,0,825,0.5,1218.625035,825,0.5,1218.625035,550,1,977.9831877,495
,F,1740,0.08,0,0,98.275,0.57,0.23,0.74,0.018,0.017,0.01,0.12,0.02,0,0,0,0,0,825,0.5,1218.625035,825,0.5,1218.625035,550,1,977.9831877,522
,G,1270,0.09,0,0,98.145,0.53,0.3,0.83,0.019,0.026,0.02,0.12,0.01,0,0,0,0,0,825,0.5,1218.625035,825,0.5,1218.625035,550,1,977.9831877,531
,H,1270,0.1,0.01,0,98.134,0.57,0.3,0.82,0.024,0.022,0.02,0.1,0.01,0,0,0,0,0,825,0.5,1218.625035,825,0.5,1218.625035,550,1,977.9831877,533
,I,610,0.06,0,0.04,98.318,0.56,0.25,0.68,0.009,0.023,0.03,0.1,0.03,0,0,0,0,0,825,0.5,1218.625035,825,0.5,1218.625035,550,1,977.9831877,492
,J,1740,0.09,0,0,98.288,0.52,0.21,0.8,0.021,0.021,0.02,0.1,0.02,0,0,0,0,0,825,0.5,1218.625035,825,0.5,1218.625035,550,1,977.9831877,505
,L,610,0.08,0,0.04,98.073,0.54,0.27,0.7,0.017,0.02,0.06,0.1,0.22,0,0,0,0,0,825,0.5,1218.625035,825,0.5,1218.625035,550,1,977.9831877,541
S55C Steel 2,A,1740,0.07,0,0,98.32,0.55,0.23,0.76,0.018,0.012,0.01,0.09,0.01,0,0,0,0,0,825,0.5,1218.625035,825,0.5,1218.625035,600,1,1066.89075,468
,B,1270,0.08,0.01,0,98.247,0.54,0.26,0.76,0.022,0.021,0.02,0.12,0.01,0,0,0,0,0,825,0.5,1218.625035,825,0.5,1218.625035,600,1,1066.89075,459
,C,825,0.12,0.02,0,98.219,0.52,0.29,0.83,0.016,0.025,0.04,0.04,0.02,0,0,0,0,0,825,0.5,1218.625035,825,0.5,1218.625035,600,1,1066.89075,444
,D,660,0.06,0,0,98.185,0.56,0.26,0.67,0.019,0.026,0.04,0.13,0.11,0,0,0,0,0,825,0.5,1218.625035,825,0.5,1218.625035,600,1,1066.89075,458
,E,825,0.1,0,0,98.448,0.54,0.2,0.75,0.013,0.019,0.01,0.01,0.01,0,0,0,0,0,825,0.5,1218.625035,825,0.5,1218.625035,600,1,1066.89075,445
,F,1740,0.08,0,0,98.275,0.57,0.23,0.74,0.018,0.017,0.01,0.12,0.02,0,0,0,0,0,825,0.5,1218.625035,825,0.5,1218.625035,600,1,1066.89075,464
,G,1270,0.09,0,0,98.145,0.53,0.3,0.83,0.019,0.026,0.02,0.12,0.01,0,0,0,0,0,825,0.5,1218.625035,825,0.5,1218.625035,600,1,1066.89075,466
,H,1270,0.1,0.01,0,98.134,0.57,0.3,0.82,0.024,0.022,0.02,0.1,0.01,0,0,0,0,0,825,0.5,1218.625035,825,0.5,1218.625035,600,1,1066.89075,486
,I,610,0.06,0,0.04,98.318,0.56,0.25,0.68,0.009,0.023,0.03,0.1,0.03,0,0,0,0,0,825,0.5,1218.625035,825,0.5,1218.625035,600,1,1066.89075,461
,J,1740,0.09,0,0,98.288,0.52,0.21,0.8,0.021,0.021,0.02,0.1,0.02,0,0,0,0,0,825,0.5,1218.625035,825,0.5,1218.625035,600,1,1066.89075,464
,L,610,0.08,0,0.04,98.073,0.54,0.27,0.7,0.017,0.02,0.06,0.1,0.22,0,0,0,0,0,825,0.5,1218.625035,825,0.5,1218.625035,600,1,1066.89075,475
S55C Steel 3,A,1740,0.07,0,0,98.32,0.55,0.23,0.76,0.018,0.012,0.01,0.09,0.01,0,0,0,0,0,825,0.5,1218.625035,825,0.5,1218.625035,650,1,1155.798313,419
,B,1270,0.08,0.01,0,98.247,0.54,0.26,0.76,0.022,0.021,0.02,0.12,0.01,0,0,0,0,0,825,0.5,1218.625035,825,0.5,1218.625035,650,1,1155.798313,418
,C,825,0.12,0.02,0,98.219,0.52,0.29,0.83,0.016,0.025,0.04,0.04,0.02,0,0,0,0,0,825,0.5,1218.625035,825,0.5,1218.625035,650,1,1155.798313,402
,D,660,0.06,0,0,98.185,0.56,0.26,0.67,0.019,0.026,0.04,0.13,0.11,0,0,0,0,0,825,0.5,1218.625035,825,0.5,1218.625035,650,1,1155.798313,398
,E,825,0.1,0,0,98.448,0.54,0.2,0.75,0.013,0.019,0.01,0.01,0.01,0,0,0,0,0,825,0.5,1218.625035,825,0.5,1218.625035,650,1,1155.798313,411
,F,1740,0.08,0,0,98.275,0.57,0.23,0.74,0.018,0.017,0.01,0.12,0.02,0,0,0,0,0,825,0.5,1218.625035,825,0.5,1218.625035,650,1,1155.798313,428
,G,1270,0.09,0,0,98.145,0.53,0.3,0.83,0.019,0.026,0.02,0.12,0.01,0,0,0,0,0,825,0.5,1218.625035,825,0.5,1218.625035,650,1,1155.798313,415
,H,1270,0.1,0.01,0,98.134,0.57,0.3,0.82,0.024,0.022,0.02,0.1,0.01,0,0,0,0,0,825,0.5,1218.625035,825,0.5,1218.625035,650,1,1155.798313,425
,I,610,0.06,0,0.04,98.318,0.56,0.25,0.68,0.009,0.023,0.03,0.1,0.03,0,0,0,0,0,825,0.5,1218.625035,825,0.5,1218.625035,650,1,1155.798313,412
,J,1740,0.09,0,0,98.288,0.52,0.21,0.8,0.021,0.021,0.02,0.1,0.02,0,0,0,0,0,825,0.5,1218.625035,825,0.5,1218.625035,650,1,1155.798313,410
,L,610,0.08,0,0.04,98.073,0.54,0.27,0.7,0.017,0.02,0.06,0.1,0.22,0,0,0,0,0,825,0.5,1218.625035,825,0.5,1218.625035,650,1,1155.798313,415
SCr440 Steel 1,A,1740,0.03,0,0,97.385,0.43,0.24,0.74,0.022,0.013,0.03,1.12,0.02,0,0,0,0,0,870,0.5,1285.095492,855,0.5,1262.938673,550,1,977.9831877,582
,B,820,0.01,0,0.01,97.562,0.42,0.27,0.71,0.01,0.008,0.02,0.96,0.04,0,0,0,0,0,870,0.5,1285.095492,855,0.5,1262.938673,550,1,977.9831877,524
,C,1120,0.02,0,0.03,97.188,0.4,0.31,0.78,0.012,0.01,0.07,1.1,0.13,0,0,0,0,0,870,0.5,1285.095492,855,0.5,1262.938673,550,1,977.9831877,583
,D,174,0.03,0,0.01,97.51,0.42,0.22,0.72,0.016,0.014,0.03,1.06,0.01,0,0,0,0,0,870,0.5,1285.095492,855,0.5,1262.938673,550,1,977.9831877,569
,E,820,0.01,0.01,0.01,58.854,39,0.25,0.73,0.011,0.005,0.06,0.98,0.11,0,0,0,0,0,870,0.5,1285.095492,855,0.5,1262.938673,550,1,977.9831877,536
,F,1120,0.01,0,0.01,97.269,0.42,0.32,0.81,0.014,0.007,0.03,1.09,0.04,0,0,0,0,0,870,0.5,1285.095492,855,0.5,1262.938673,550,1,977.9831877,577
,H,820,0.03,0,0.02,97.496,0.42,0.26,0.78,0.01,0.004,0.04,0.94,0.05,0,0,0,0,0,870,0.5,1285.095492,855,0.5,1262.938673,550,1,977.9831877,565
,I,1120,0.02,0,0.01,97.286,0.4,0.32,0.79,0.013,0.011,0.05,1.09,0.04,0,0,0,0,0,870,0.5,1285.095492,855,0.5,1262.938673,550,1,977.9831877,562
SCr440 Steel 2,A,1740,0.03,0,0,97.385,0.43,0.24,0.74,0.022,0.013,0.03,1.12,0.02,0,0,0,0,0,870,0.5,1285.095492,855,0.5,1262.938673,600,1,1066.89075,522
,B,820,0.01,0,0.01,97.562,0.42,0.27,0.71,0.01,0.008,0.02,0.96,0.04,0,0,0,0,0,870,0.5,1285.095492,855,0.5,1262.938673,600,1,1066.89075,504
,C,1120,0.02,0,0.03,97.188,0.4,0.31,0.78,0.012,0.01,0.07,1.1,0.13,0,0,0,0,0,870,0.5,1285.095492,855,0.5,1262.938673,600,1,1066.89075,516
,D,174,0.03,0,0.01,97.51,0.42,0.22,0.72,0.016,0.014,0.03,1.06,0.01,0,0,0,0,0,870,0.5,1285.095492,855,0.5,1262.938673,600,1,1066.89075,517
,E,820,0.01,0.01,0.01,58.854,39,0.25,0.73,0.011,0.005,0.06,0.98,0.11,0,0,0,0,0,870,0.5,1285.095492,855,0.5,1262.938673,600,1,1066.89075,511
,F,1120,0.01,0,0.01,97.269,0.42,0.32,0.81,0.014,0.007,0.03,1.09,0.04,0,0,0,0,0,870,0.5,1285.095492,855,0.5,1262.938673,600,1,1066.89075,518
,H,820,0.03,0,0.02,97.496,0.42,0.26,0.78,0.01,0.004,0.04,0.94,0.05,0,0,0,0,0,870,0.5,1285.095492,855,0.5,1262.938673,600,1,1066.89075,524
,I,1120,0.02,0,0.01,97.286,0.4,0.32,0.79,0.013,0.011,0.05,1.09,0.04,0,0,0,0,0,870,0.5,1285.095492,855,0.5,1262.938673,600,1,1066.89075,503
SCr440 Steel 3,A,1740,0.03,0,0,97.385,0.43,0.24,0.74,0.022,0.013,0.03,1.12,0.02,0,0,0,0,0,870,0.5,1285.095492,855,0.5,1262.938673,650,1,1155.798313,483
,B,820,0.01,0,0.01,97.562,0.42,0.27,0.71,0.01,0.008,0.02,0.96,0.04,0,0,0,0,0,870,0.5,1285.095492,855,0.5,1262.938673,650,1,1155.798313,457
,C,1120,0.02,0,0.03,97.188,0.4,0.31,0.78,0.012,0.01,0.07,1.1,0.13,0,0,0,0,0,870,0.5,1285.095492,855,0.5,1262.938673,650,1,1155.798313,482
,D,174,0.03,0,0.01,97.51,0.42,0.22,0.72,0.016,0.014,0.03,1.06,0.01,0,0,0,0,0,870,0.5,1285.095492,855,0.5,1262.938673,650,1,1155.798313,470
,E,820,0.01,0.01,0.01,58.854,39,0.25,0.73,0.011,0.005,0.06,0.98,0.11,0,0,0,0,0,870,0.5,1285.095492,855,0.5,1262.938673,650,1,1155.798313,459
,F,1120,0.01,0,0.01,97.269,0.42,0.32,0.81,0.014,0.007,0.03,1.09,0.04,0,0,0,0,0,870,0.5,1285.095492,855,0.5,1262.938673,650,1,1155.798313,490
,H,820,0.03,0,0.02,97.496,0.42,0.26,0.78,0.01,0.004,0.04,0.94,0.05,0,0,0,0,0,870,0.5,1285.095492,855,0.5,1262.938673,650,1,1155.798313,485
,I,1120,0.02,0,0.01,97.286,0.4,0.32,0.79,0.013,0.011,0.05,1.09,0.04,0,0,0,0,0,870,0.5,1285.095492,855,0.5,1262.938673,650,1,1155.798313,483
SCM 435 Steel 1,A,820,0.08,0,0.01,97.167,0.36,0.3,0.73,0.017,0.016,0.05,1.01,0.19,0.16,0,0,0,0,870,0.5,1285.095492,855,0.5,1262.938673,550,1,977.9831877,587
,B,1250,0,0,0.02,97.409,0.35,0.3,0.7,0.019,0.012,0.02,1.03,0.01,0.15,0,0,0,0,870,0.5,1285.095492,855,0.5,1262.938673,550,1,977.9831877,571
,C,1120,0,0,0.01,97.291,0.36,0.27,0.79,0.012,0.007,0.03,1.03,0.04,0.17,0,0,0,0,870,0.5,1285.095492,855,0.5,1262.938673,550,1,977.9831877,578
,D,530,0.02,0,0,97.284,0.36,0.23,0.81,0.014,0.022,0.05,0.99,0.08,0.16,0,0,0,0,870,0.5,1285.095492,855,0.5,1262.938673,550,1,977.9831877,526
,E,500,0.08,0,0.01,97.27,0.34,0.25,0.72,0.019,0.011,0.12,1.01,0.1,0.16,0,0,0,0,870,0.5,1285.095492,855,0.5,1262.938673,550,1,977.9831877,535
,G,740,0.02,0,0.01,97.204,0.36,0.35,0.74,0.016,0.02,0.05,0.97,0.12,0.17,0,0,0,0,870,0.5,1285.095492,855,0.5,1262.938673,550,1,977.9831877,572
,H,530,0.01,0.01,0,97.221,0.37,0.23,0.82,0.012,0.017,0.04,1.09,0.05,0.15,0,0,0,0,870,0.5,1285.095492,855,0.5,1262.938673,550,1,977.9831877,562
,I,1120,0.03,0,0.01,97.153,0.35,0.25,0.8,0.02,0.017,0.08,0.99,0.18,0.16,0,0,0,0,870,0.5,1285.095492,855,0.5,1262.938673,550,1,977.9831877,563
,J,174,0.05,0,0,97.367,0.35,0.25,0.71,0.02,0.013,0.02,1.06,0.02,0.19,0,0,0,0,870,0.5,1285.095492,855,0.5,1262.938673,550,1,977.9831877,583
,K,640,0.03,0,0,97.437,0.33,0.27,0.69,0.015,0.008,0.04,0.99,0.05,0.17,0,0,0,0,870,0.5,1285.095492,855,0.5,1262.938673,550,1,977.9831877,585
,L,820,0.1,0,0,97.446,0.35,0.25,0.7,0.026,0.018,0.01,1,0.02,0.18,0,0,0,0,870,0.5,1285.095492,855,0.5,1262.938673,550,1,977.9831877,592
,M,500,0.05,0,0.02,97.144,0.37,0.29,0.76,0.017,0.009,0.12,1.01,0.12,0.16,0,0,0,0,870,0.5,1285.095492,855,0.5,1262.938673,550,1,977.9831877,573
,N,1120,0.03,0,0.02,97.103,0.38,0.27,0.8,0.015,0.012,0.07,1.07,0.12,0.16,0,0,0,0,870,0.5,1285.095492,855,0.5,1262.938673,550,1,977.9831877,536
,O,500,0.08,0,0,97.188,0.34,0.29,0.71,0.019,0.013,0.11,1.05,0.12,0.16,0,0,0,0,870,0.5,1285.095492,855,0.5,1262.938673,550,1,977.9831877,557
SCM 435 Steel 2,A,820,0.08,0,0.01,97.167,0.36,0.3,0.73,0.017,0.016,0.05,1.01,0.19,0.16,0,0,0,0,870,0.5,1285.095492,855,0.5,1262.938673,600,1,1066.89075,552
,B,1250,0,0,0.02,97.409,0.35,0.3,0.7,0.019,0.012,0.02,1.03,0.01,0.15,0,0,0,0,870,0.5,1285.095492,855,0.5,1262.938673,600,1,1066.89075,519
,C,1120,0,0,0.01,97.291,0.36,0.27,0.79,0.012,0.007,0.03,1.03,0.04,0.17,0,0,0,0,870,0.5,1285.095492,855,0.5,1262.938673,600,1,1066.89075,524
,D,530,0.02,0,0,97.284,0.36,0.23,0.81,0.014,0.022,0.05,0.99,0.08,0.16,0,0,0,0,870,0.5,1285.095492,855,0.5,1262.938673,600,1,1066.89075,508
,E,500,0.08,0,0.01,97.27,0.34,0.25,0.72,0.019,0.011,0.12,1.01,0.1,0.16,0,0,0,0,870,0.5,1285.095492,855,0.5,1262.938673,600,1,1066.89075,490
,G,740,0.02,0,0.01,97.204,0.36,0.35,0.74,0.016,0.02,0.05,0.97,0.12,0.17,0,0,0,0,870,0.5,1285.095492,855,0.5,1262.938673,600,1,1066.89075,550
,H,530,0.01,0.01,0,97.221,0.37,0.23,0.82,0.012,0.017,0.04,1.09,0.05,0.15,0,0,0,0,870,0.5,1285.095492,855,0.5,1262.938673,600,1,1066.89075,515
,I,1120,0.03,0,0.01,97.153,0.35,0.25,0.8,0.02,0.017,0.08,0.99,0.18,0.16,0,0,0,0,870,0.5,1285.095492,855,0.5,1262.938673,600,1,1066.89075,530
,J,174,0.05,0,0,97.367,0.35,0.25,0.71,0.02,0.013,0.02,1.06,0.02,0.19,0,0,0,0,870,0.5,1285.095492,855,0.5,1262.938673,600,1,1066.89075,546
,K,640,0.03,0,0,97.437,0.33,0.27,0.69,0.015,0.008,0.04,0.99,0.05,0.17,0,0,0,0,870,0.5,1285.095492,855,0.5,1262.938673,600,1,1066.89075,535
,L,820,0.1,0,0,97.446,0.35,0.25,0.7,0.026,0.018,0.01,1,0.02,0.18,0,0,0,0,870,0.5,1285.095492,855,0.5,1262.938673,600,1,1066.89075,550
,M,500,0.05,0,0.02,97.144,0.37,0.29,0.76,0.017,0.009,0.12,1.01,0.12,0.16,0,0,0,0,870,0.5,1285.095492,855,0.5,1262.938673,600,1,1066.89075,542
,N,1120,0.03,0,0.02,97.103,0.38,0.27,0.8,0.015,0.012,0.07,1.07,0.12,0.16,0,0,0,0,870,0.5,1285.095492,855,0.5,1262.938673,600,1,1066.89075,592
,O,500,0.08,0,0,97.188,0.34,0.29,0.71,0.019,0.013,0.11,1.05,0.12,0.16,0,0,0,0,870,0.5,1285.095492,855,0.5,1262.938673,600,1,1066.89075,524
SCM 435 Steel 3,A,820,0.08,0,0.01,97.167,0.36,0.3,0.73,0.017,0.016,0.05,1.01,0.19,0.16,0,0,0,0,870,0.5,1285.095492,855,0.5,1262.938673,650,1,1155.798313,497
,B,1250,0,0,0.02,97.409,0.35,0.3,0.7,0.019,0.012,0.02,1.03,0.01,0.15,0,0,0,0,870,0.5,1285.095492,855,0.5,1262.938673,650,1,1155.798313,491
,C,1120,0,0,0.01,97.291,0.36,0.27,0.79,0.012,0.007,0.03,1.03,0.04,0.17,0,0,0,0,870,0.5,1285.095492,855,0.5,1262.938673,650,1,1155.798313,463
,D,530,0.02,0,0,97.284,0.36,0.23,0.81,0.014,0.022,0.05,0.99,0.08,0.16,0,0,0,0,870,0.5,1285.095492,855,0.5,1262.938673,650,1,1155.798313,464
,E,500,0.08,0,0.01,97.27,0.34,0.25,0.72,0.019,0.011,0.12,1.01,0.1,0.16,0,0,0,0,870,0.5,1285.095492,855,0.5,1262.938673,650,1,1155.798313,459
,G,740,0.02,0,0.01,97.204,0.36,0.35,0.74,0.016,0.02,0.05,0.97,0.12,0.17,0,0,0,0,870,0.5,1285.095492,855,0.5,1262.938673,650,1,1155.798313,489
,H,530,0.01,0.01,0,97.221,0.37,0.23,0.82,0.012,0.017,0.04,1.09,0.05,0.15,0,0,0,0,870,0.5,1285.095492,855,0.5,1262.938673,650,1,1155.798313,477
,I,1120,0.03,0,0.01,97.153,0.35,0.25,0.8,0.02,0.017,0.08,0.99,0.18,0.16,0,0,0,0,870,0.5,1285.095492,855,0.5,1262.938673,650,1,1155.798313,469
,J,174,0.05,0,0,97.367,0.35,0.25,0.71,0.02,0.013,0.02,1.06,0.02,0.19,0,0,0,0,870,0.5,1285.095492,855,0.5,1262.938673,650,1,1155.798313,496
,K,640,0.03,0,0,97.437,0.33,0.27,0.69,0.015,0.008,0.04,0.99,0.05,0.17,0,0,0,0,870,0.5,1285.095492,855,0.5,1262.938673,650,1,1155.798313,467
,L,820,0.1,0,0,97.446,0.35,0.25,0.7,0.026,0.018,0.01,1,0.02,0.18,0,0,0,0,870,0.5,1285.095492,855,0.5,1262.938673,650,1,1155.798313,511
,M,500,0.05,0,0.02,97.144,0.37,0.29,0.76,0.017,0.009,0.12,1.01,0.12,0.16,0,0,0,0,870,0.5,1285.095492,855,0.5,1262.938673,650,1,1155.798313,490
,N,1120,0.03,0,0.02,97.103,0.38,0.27,0.8,0.015,0.012,0.07,1.07,0.12,0.16,0,0,0,0,870,0.5,1285.095492,855,0.5,1262.938673,650,1,1155.798313,523
,O,500,0.08,0,0,97.188,0.34,0.29,0.71,0.019,0.013,0.11,1.05,0.12,0.16,0,0,0,0,870,0.5,1285.095492,855,0.5,1262.938673,650,1,1155.798313,476
SCM 440 Steel 1,A,530,0.03,0,0,97.241,0.41,0.24,0.77,0.014,0.015,1.06,0.05,0.2,,0,0,0,0,870,0.5,1285.095492,855,0.5,1262.938673,550,1,977.9831877,610
,B,500,0.08,0,0.01,97.203,0.39,0.27,0.86,0.019,0.008,0.96,0.12,0.17,,0,0,0,0,870,0.5,1285.095492,855,0.5,1262.938673,550,1,977.9831877,581
,C,1740,0.06,0,0,97.229,0.43,0.26,0.74,0.019,0.012,1.07,0.02,0.22,,0,0,0,0,870,0.5,1285.095492,855,0.5,1262.938673,550,1,977.9831877,625
,D,610,0.05,0,0.01,97.267,0.4,0.26,0.77,0.018,0.005,0.98,0.13,0.17,,0,0,0,0,870,0.5,1285.095492,855,0.5,1262.938673,550,1,977.9831877,562
,E,510,0.04,0,0.01,97.211,0.41,0.24,0.8,0.015,0.024,1.02,0.1,0.18,,0,0,0,0,870,0.5,1285.095492,855,0.5,1262.938673,550,1,977.9831877,635
,F,700,0.03,0,0,97.338,0.41,0.25,0.74,0.013,0.019,0.99,0.08,0.16,,0,0,0,0,870,0.5,1285.095492,855,0.5,1262.938673,550,1,977.9831877,566
,G,1120,0.02,0.01,,97.101,0.39,0.28,0.77,0.021,0.018,1.08,0.15,0.19,,0,0,0,0,870,0.5,1285.095492,855,0.5,1262.938673,550,1,977.9831877,638
,H,1740,0.06,0,0.01,97.456,0.37,0.24,0.69,0.018,0.016,1,0.02,0.19,,0,0,0,0,870,0.5,1285.095492,855,0.5,1262.938673,550,1,977.9831877,606
,I,500,0.09,0.01,0.01,97.148,0.42,0.29,0.77,0.015,0.017,1.1,0.09,0.15,,0,0,0,0,870,0.5,1285.095492,855,0.5,1262.938673,550,1,977.9831877,582
,J,820,0.04,0,0.01,97.197,0.42,0.28,0.75,0.015,0.008,1.04,0.12,0.17,,0,0,0,0,870,0.5,1285.095492,855,0.5,1262.938673,550,1,977.9831877,634
,K,500,0.1,0,0,97.239,0.4,0.26,0.74,0.024,0.017,1.01,0.14,0.17,,0,0,0,0,870,0.5,1285.095492,855,0.5,1262.938673,550,1,977.9831877,585
,L,700,0.07,0.01,0,97.104,0.4,0.25,0.87,0.011,0.015,1.06,0.11,0.18,,0,0,0,0,870,0.5,1285.095492,855,0.5,1262.938673,550,1,977.9831877,603
,M,820,0.02,0,0.02,97.436,0.4,0.22,0.7,0.01,0.004,0.94,0.12,0.17,,0,0,0,0,870,0.5,1285.095492,855,0.5,1262.938673,550,1,977.9831877,625
,N,510,0.04,0,0.03,97.328,0.4,0.25,0.74,0.014,0.028,0.96,0.1,0.18,,0,0,0,0,870,0.5,1285.095492,855,0.5,1262.938673,550,1,977.9831877,631
,O,1740,0.04,0,0,97.241,0.44,0.26,0.75,0.017,0.012,1.05,0.02,0.21,,0,0,0,0,870,0.5,1285.095492,855,0.5,1262.938673,550,1,977.9831877,625
SCM 440 Steel 2,A,530,0.03,0,0,97.241,0.41,0.24,0.77,0.014,0.015,1.06,0.05,0.2,,0,0,0,0,870,0.5,1285.095492,855,0.5,1262.938673,600,1,1066.89075,551
,B,500,0.08,0,0.01,97.203,0.39,0.27,0.86,0.019,0.008,0.96,0.12,0.17,,0,0,0,0,870,0.5,1285.095492,855,0.5,1262.938673,600,1,1066.89075,539
,C,1740,0.06,0,0,97.229,0.43,0.26,0.74,0.019,0.012,1.07,0.02,0.22,,0,0,0,0,870,0.5,1285.095492,855,0.5,1262.938673,600,1,1066.89075,564
,D,610,0.05,0,0.01,97.267,0.4,0.26,0.77,0.018,0.005,0.98,0.13,0.17,,0,0,0,0,870,0.5,1285.095492,855,0.5,1262.938673,600,1,1066.89075,550
,E,510,0.04,0,0.01,97.211,0.41,0.24,0.8,0.015,0.024,1.02,0.1,0.18,,0,0,0,0,870,0.5,1285.095492,855,0.5,1262.938673,600,1,1066.89075,590
,F,700,0.03,0,0,97.338,0.41,0.25,0.74,0.013,0.019,0.99,0.08,0.16,,0,0,0,0,870,0.5,1285.095492,855,0.5,1262.938673,600,1,1066.89075,527
,G,1120,0.02,0.01,,97.101,0.39,0.28,0.77,0.021,0.018,1.08,0.15,0.19,,0,0,0,0,870,0.5,1285.095492,855,0.5,1262.938673,600,1,1066.89075,557
,H,1740,0.06,0,0.01,97.456,0.37,0.24,0.69,0.018,0.016,1,0.02,0.19,,0,0,0,0,870,0.5,1285.095492,855,0.5,1262.938673,600,1,1066.89075,551
,I,500,0.09,0.01,0.01,97.148,0.42,0.29,0.77,0.015,0.017,1.1,0.09,0.15,,0,0,0,0,870,0.5,1285.095492,855,0.5,1262.938673,600,1,1066.89075,583
,J,820,0.04,0,0.01,97.197,0.42,0.28,0.75,0.015,0.008,1.04,0.12,0.17,,0,0,0,0,870,0.5,1285.095492,855,0.5,1262.938673,600,1,1066.89075,570
,K,500,0.1,0,0,97.239,0.4,0.26,0.74,0.024,0.017,1.01,0.14,0.17,,0,0,0,0,870,0.5,1285.095492,855,0.5,1262.938673,600,1,1066.89075,543
,L,700,0.07,0.01,0,97.104,0.4,0.25,0.87,0.011,0.015,1.06,0.11,0.18,,0,0,0,0,870,0.5,1285.095492,855,0.5,1262.938673,600,1,1066.89075,543
,M,820,0.02,0,0.02,97.436,0.4,0.22,0.7,0.01,0.004,0.94,0.12,0.17,,0,0,0,0,870,0.5,1285.095492,855,0.5,1262.938673,600,1,1066.89075,563
,N,510,0.04,0,0.03,97.328,0.4,0.25,0.74,0.014,0.028,0.96,0.1,0.18,,0,0,0,0,870,0.5,1285.095492,855,0.5,1262.938673,600,1,1066.89075,577
,O,1740,0.04,0,0,97.241,0.44,0.26,0.75,0.017,0.012,1.05,0.02,0.21,,0,0,0,0,870,0.5,1285.095492,855,0.5,1262.938673,600,1,1066.89075,578
SCM 440 Steel 3,A,530,0.03,0,0,97.241,0.41,0.24,0.77,0.014,0.015,1.06,0.05,0.2,,0,0,0,0,870,0.5,1285.095492,855,0.5,1262.938673,650,1,1155.798313,490
,B,500,0.08,0,0.01,97.203,0.39,0.27,0.86,0.019,0.008,0.96,0.12,0.17,,0,0,0,0,870,0.5,1285.095492,855,0.5,1262.938673,650,1,1155.798313,496
,C,1740,0.06,0,0,97.229,0.43,0.26,0.74,0.019,0.012,1.07,0.02,0.22,,0,0,0,0,870,0.5,1285.095492,855,0.5,1262.938673,650,1,1155.798313,511
,D,610,0.05,0,0.01,97.267,0.4,0.26,0.77,0.018,0.005,0.98,0.13,0.17,,0,0,0,0,870,0.5,1285.095492,855,0.5,1262.938673,650,1,1155.798313,494
,E,510,0.04,0,0.01,97.211,0.41,0.24,0.8,0.015,0.024,1.02,0.1,0.18,,0,0,0,0,870,0.5,1285.095492,855,0.5,1262.938673,650,1,1155.798313,517
,F,700,0.03,0,0,97.338,0.41,0.25,0.74,0.013,0.019,0.99,0.08,0.16,,0,0,0,0,870,0.5,1285.095492,855,0.5,1262.938673,650,1,1155.798313,480
,G,1120,0.02,0.01,,97.101,0.39,0.28,0.77,0.021,0.018,1.08,0.15,0.19,,0,0,0,0,870,0.5,1285.095492,855,0.5,1262.938673,650,1,1155.798313,502
,H,1740,0.06,0,0.01,97.456,0.37,0.24,0.69,0.018,0.016,1,0.02,0.19,,0,0,0,0,870,0.5,1285.095492,855,0.5,1262.938673,650,1,1155.798313,504
,I,500,0.09,0.01,0.01,97.148,0.42,0.29,0.77,0.015,0.017,1.1,0.09,0.15,,0,0,0,0,870,0.5,1285.095492,855,0.5,1262.938673,650,1,1155.798313,505
,J,820,0.04,0,0.01,97.197,0.42,0.28,0.75,0.015,0.008,1.04,0.12,0.17,,0,0,0,0,870,0.5,1285.095492,855,0.5,1262.938673,650,1,1155.798313,502
,K,500,0.1,0,0,97.239,0.4,0.26,0.74,0.024,0.017,1.01,0.14,0.17,,0,0,0,0,870,0.5,1285.095492,855,0.5,1262.938673,650,1,1155.798313,496
,L,700,0.07,0.01,0,97.104,0.4,0.25,0.87,0.011,0.015,1.06,0.11,0.18,,0,0,0,0,870,0.5,1285.095492,855,0.5,1262.938673,650,1,1155.798313,501
,M,820,0.02,0,0.02,97.436,0.4,0.22,0.7,0.01,0.004,0.94,0.12,0.17,,0,0,0,0,870,0.5,1285.095492,855,0.5,1262.938673,650,1,1155.798313,517
,N,510,0.04,0,0.03,97.328,0.4,0.25,0.74,0.014,0.028,0.96,0.1,0.18,,0,0,0,0,870,0.5,1285.095492,855,0.5,1262.938673,650,1,1155.798313,523
,O,1740,0.04,0,0,97.241,0.44,0.26,0.75,0.017,0.012,1.05,0.02,0.21,,0,0,0,0,870,0.5,1285.095492,855,0.5,1262.938673,650,1,1155.798313,516